seg_id,idx_start,idx_end,t_start,t_end,duration,channel,direction,direction_name,motion_type,holding,amplitude,amp_pct,motor_median,depth_mean,depth_std,yaw_mean,yaw_std,steady_vx,steady_vy,steady_wz,total_speed,idx_pad_start,idx_pad_end,pp_seg_mean,pp_pre_mean,pp_post_mean,pp_ratio
1,12950,13228,1781582694.0637364,1781582727.4102993,33.35,TY,1,右移,侧移,定深,2000,20%,2000,-0.781,0.0316,-69.6,18.588,0.0221,0.1054,-1.9006,0.1078,12867,13312,6.9,6.9,6.9,0
2,13386,13684,1781582746.3710325,1781582782.1320012,35.76,TY,1,右移,侧移,定深,4000,40%,4000,-0.6764,0.0947,-12.276,28.492,0.0422,0.1701,-3.4634,0.1754,13303,13768,6.9,6.9,6.9,0
3,14425,14606,1781582871.0554929,1781582892.7733183,21.72,TX,1,前进,直航,定深定向,4000,40%,4000,2.1049,0.1003,-17.74,62.191,0.6042,0.0814,11.6988,0.6097,14342,14690,6.9,6.9,6.9,0
4,15133,15360,1781582956.019042,1781582983.266102,27.25,TX,1,前进,直航,定深定向,4000,40%,4000,2.4246,0.0712,87.606,56.936,0.5552,0.0887,10.5627,0.5626,15050,15444,6.9,6.9,6.9,0
5,15649,15724,1781583017.936162,1781583026.936574,9.0,MZ,1,右转,旋转,定深,2000,20%,1672,2.3388,0.0541,-44.149,41.172,0.0368,0.0171,-15.7924,0.0408,15566,15808,6.9,6.9,6.9,0
6,17765,18002,1781583278.7930825,1781583307.2334585,28.44,TX,-1,后退,直航,定深定向,2000,20%,-2000,2.4737,0.3469,-149.313,1.929,-0.197,-0.0054,-0.4104,0.1973,17682,18086,6.9,6.9,6.9,0
7,18089,18284,1781583317.6674616,1781583341.0658276,23.4,TX,-1,后退,直航,定深定向,4000,40%,-4000,2.9878,0.2716,-148.278,2.574,-0.3621,0.0016,-0.2353,0.3622,18006,18368,6.9,6.9,6.9,0
8,18491,18664,1781583365.9032378,1781583386.6611302,20.76,TX,1,前进,直航,定深定向,2000,20%,2000,3.2432,0.0809,-152.597,1.132,0.2474,0.0174,0.142,0.2481,18408,18748,6.9,6.9,6.9,0
9,18757,18917,1781583397.8260088,1781583417.0276368,19.2,TY,-1,左移,侧移,定深,2000,20%,-2000,3.0095,0.038,-149.519,0.451,0.0058,-0.0453,0.0793,0.0463,18674,19001,6.9,6.9,6.9,0
10,18993,19164,1781583426.137429,1781583446.6571522,20.52,TY,-1,左移,侧移,定深,4000,40%,-4000,2.9021,0.0402,-149.515,0.36,0.0083,-0.1033,0.0006,0.1037,18910,19248,6.9,6.9,6.9,0
11,19303,19557,1781583463.3358374,1781583493.8219197,30.49,TX,1,前进,直航,定深定向,6000,60%,6000,2.6273,0.1349,16.136,124.048,0.6021,0.1021,10.6456,0.611,19220,19641,6.9,6.9,6.9,0
12,20055,20187,1781583554.2910278,1781583570.1304603,15.84,TX,1,前进,直航,定深定向,6000,60%,6000,1.9279,0.0734,-157.772,2.309,0.6812,0.037,0.0975,0.6823,19976,20271,6.9,6.9,6.9,0
13,22731,22882,1781583875.4055288,1781583893.522424,18.12,TX,-1,后退,直航,定深定向,6000,60%,-6000,2.5489,0.068,-125.78,4.361,-0.4289,0.0042,-0.2453,0.4295,22648,22966,6.9,6.9,6.9,0
14,23056,23217,1781583914.4126115,1781583933.7226439,19.31,TY,-1,左移,侧移,定深,6000,60%,-6000,2.6129,0.0731,-126.593,0.741,0.0279,-0.1391,-0.157,0.1422,22973,23301,6.9,6.9,6.9,0
15,23381,23591,1781583953.4042978,1781583978.6030152,25.2,TY,1,右移,侧移,定深,6000,60%,6000,2.6885,0.136,-125.819,2.343,0.0092,0.1961,-0.1642,0.1969,23298,23675,6.9,6.9,6.9,0
16,23801,23962,1781584003.8100953,1781584023.1212587,19.31,TX,1,前进,直航,定深定向,8000,80%,8000,2.763,0.1659,-134.796,2.398,0.7701,0.0121,-0.0435,0.7703,23718,24046,6.9,6.9,6.9,0
17,24156,24351,1781584046.401756,1781584069.813544,23.41,TX,-1,后退,直航,定深定向,8000,80%,-8000,2.5249,0.0329,-124.956,4.73,-0.4824,0.0096,-0.7158,0.4829,24073,24435,6.9,6.9,6.9,0
18,34968,35052,1781588238.987104,1781588249.066907,10.08,TY,-1,左移,侧移,定深,8000,80%,-8000,2.7007,0.0834,-172.955,1.216,0.0167,-0.1612,-0.624,0.1623,34885,35136,194.0,33.3,39.1,5.8
19,35192,35215,1781588265.8666973,1781588268.6253986,2.76,TY,-1,左移,侧移,定深,8000,80%,-8000,2.657,0.0109,-172.145,0.452,0.0,-0.08,-0.5808,0.08,35109,35299,170.1,26.0,29.4,6.5
20,36277,36424,1781588396.0655494,1781588413.7154055,17.65,TY,-1,左移,侧移,定深,8000,80%,-8000,2.69,0.1006,-173.217,1.239,0.0239,-0.1618,-0.1761,0.1638,36194,36508,214.9,31.7,79.4,6.8
21,36608,36788,1781588435.784595,1781588457.384372,21.6,TY,1,右移,侧移,定深,8000,80%,8000,2.7977,0.1693,-171.315,1.239,0.01,0.2259,0.3475,0.2264,36525,36872,346.7,29.1,175.2,11.9
22,37720,37865,1781588569.2213957,1781588586.6197982,17.4,TX,1,前进,直航,定深定向,10000,100%,10000,2.7553,0.116,90.772,147.79,0.7171,0.0229,-1.4138,0.7179,37637,37949,454.5,25.3,99.7,18.0
23,38493,38677,1781588661.982156,1781588684.0616608,22.08,TX,-1,后退,直航,定深定向,10000,100%,-10000,2.7221,0.068,-172.524,1.049,-0.02,0.0,-0.0251,0.02,38410,38761,71.3,25.7,31.8,2.8
24,38742,38823,1781588691.8614502,1781588701.5797703,9.72,TX,-1,后退,直航,定深定向,10000,100%,-10000,2.6971,0.0325,-172.686,0.169,-0.0073,0.0,0.0193,0.0073,38659,38907,48.2,32.9,357.3,1.5
25,38832,39085,1781588702.6616144,1781588733.019525,30.36,TX,1,前进,直航,定深定向,10000,100%,10000,2.7532,0.1172,111.764,137.601,0.3676,0.0383,0.2345,0.3852,38749,39169,413.6,49.3,103.6,8.4
26,39292,39386,1781588757.8611603,1781588769.13944,11.28,MZ,1,右转,旋转,定深,2000,20%,2177,2.6924,0.0194,-119.564,44.3,-0.0017,0.034,-18.4819,0.0472,39209,39470,71.2,26.5,26.3,2.7
27,39812,39848,1781588820.2588608,1781588824.5787294,4.32,MZ,1,右转,旋转,定深,2000,20%,2395,2.7546,0.0119,-34.808,24.009,0.0505,0.0221,-21.8305,0.056,39729,39932,60.7,39.9,33.1,1.5
28,41025,41116,1781588965.8203146,1781588976.7401395,10.92,TX,1,前进,直航,定深定向,10000,100%,10000,1.8762,0.0698,-25.988,4.142,0.6876,0.0157,-0.9667,0.6884,40942,41200,385.6,23.2,137.4,16.6
29,41295,41424,1781588998.220159,1781589013.6993623,15.48,TX,1,前进,直航,定深定向,10000,100%,10000,1.8813,0.1095,-31.277,9.582,0.7948,-0.0054,-3.3083,0.7953,41212,41508,437.7,51.3,108.8,8.5
30,41722,41889,1781589049.459982,1781589069.5020633,20.04,TX,-1,后退,直航,定深定向,10000,100%,-10000,1.7483,0.0403,-16.218,4.655,-0.4686,0.0032,-0.7064,0.469,41639,41973,383.9,24.5,66.5,15.7
31,43055,43244,1781589209.417107,1781589232.0972557,22.68,TX,1,前进,直航,定深定向,10000,100%,10000,1.9909,0.2055,-25.732,2.779,0.8492,0.0029,0.2422,0.8492,42972,43328,417.1,34.2,142.2,12.2
32,43731,43809,1781589290.5379887,1781589299.9038885,9.37,MZ,1,右转,旋转,定深,4000,40%,3907,1.8632,0.0344,8.663,112.915,0.1405,0.0132,-29.784,0.1412,43648,43893,169.2,30.9,37.7,5.5
33,44739,44851,1781589411.5048451,1781589424.9347138,13.43,TY,-1,左移,侧移,定深,10000,100%,-10000,1.8532,0.0866,-38.308,1.074,0.033,-0.1996,0.2723,0.2025,44656,44935,244.7,23.6,121.3,10.4
34,45214,45308,1781589468.4947052,1781589479.7740116,11.28,TY,1,右移,侧移,定深,10000,100%,10000,1.902,0.1084,-36.365,1.354,0.0083,0.2852,0.1621,0.2855,45131,45392,379.3,33.5,171.6,11.3
35,47768,47840,1781589774.9725776,1781589783.6103303,8.64,TX,1,前进,直航,定深定向,10000,100%,10000,2.6172,0.031,54.41,26.294,0.8565,0.1105,15.0608,0.8641,47685,47924,306.2,62.6,168.8,4.9
36,47880,47953,1781589788.4102423,1781589797.1700938,8.76,MZ,1,右转,旋转,定深,4000,40%,3849,2.5995,0.0664,38.254,101.824,0.1281,0.0073,-28.9181,0.1284,47797,48037,164.4,263.2,135.8,0.6
37,48042,48275,1781589807.8514926,1781589835.8097117,27.96,MZ,1,右转,旋转,定深,10000,100%,10000,2.2201,0.0533,15.734,103.821,0.1826,0.0086,-43.0486,0.1831,47959,48359,476.9,147.6,399.7,3.2
38,48278,48571,1781589836.171283,1781589871.3277013,35.16,MZ,-1,左转,旋转,定深,10000,100%,-10000,1.2816,0.6628,5.678,108.932,0.001,0.0244,42.1752,0.0248,48195,48655,374.5,479.4,127.1,0.8
39,49027,49419,1781589926.0498567,1781589973.0907156,47.04,MZ,1,右转,旋转,定深,6000,60%,6000,3.1132,0.0329,-2.096,108.587,0.1357,0.0099,-31.5909,0.1363,48944,49503,227.7,24.9,25.6,9.1
40,50193,50393,1781590065.9662166,1781590089.9676137,24.0,MZ,-1,左转,旋转,定深,6000,60%,-6000,3.005,0.0804,-110.858,47.151,-0.0057,0.0053,1.2837,0.0092,50110,50477,37.0,25.4,10.3,1.5
