seg_id,idx_start,idx_end,t_start,t_end,duration,channel,direction,direction_name,motion_type,holding,amplitude,amp_pct,motor_median,depth_mean,depth_std,yaw_mean,yaw_std,steady_vx,steady_vy,steady_wz,total_speed
1,6420,6439,1781581910.4430835,1781581912.7128272,2.27,TX,1,前进,直航,定深定向,4000,40%,4000,-0.7319,0.0079,-106.874,0.518,0.124,0.012,0.822,0.1246
2,6470,6585,1781581916.4406855,1781581930.2416883,13.8,TX,1,前进,直航,定深定向,4000,40%,4000,-0.547,0.1199,-37.055,23.346,0.6221,0.0834,10.961,0.628
3,6586,6627,1781581930.3534262,1781581935.2734623,4.92,MZ,1,右转,旋转,定深,4000,40%,4000,-0.2524,0.0265,-68.999,27.553,0.259,0.0133,-27.9281,0.2599
4,6628,6931,1781581935.3937624,1781581971.7531352,36.36,TX,1,前进,直航,定深定向,4000,40%,4000,-0.2012,0.1357,-16.009,26.307,0.5816,0.0501,1.5903,0.5848
5,6932,6985,1781581971.8731234,1781581978.2432094,6.37,MZ,1,右转,旋转,定深,4000,40%,4000,0.3132,0.025,-25.099,43.387,0.2137,-0.0056,-31.143,0.2139
6,6988,7202,1781581978.594205,1781582004.2781851,25.68,TX,1,前进,直航,定深定向,4000,40%,4000,0.3604,0.1546,-2.36,52.516,0.54,0.0761,3.7696,0.5456
7,7239,7275,1781582008.7149541,1781582013.0451753,4.33,MZ,-1,左转,旋转,定深,4000,40%,-4000,0.6016,0.0481,-91.45,31.682,0.0747,0.0842,28.7853,0.1168
8,7984,8475,1781582098.1177483,1781582157.0523305,58.93,TX,1,前进,直航,定深定向,4000,40%,4000,-0.2716,0.2587,87.904,88.324,0.5605,0.0421,2.0336,0.5675
9,8722,8786,1781582186.6778314,1781582194.3577566,7.68,TX,1,前进,直航,定深定向,4000,40%,4000,-0.6875,0.0592,-25.915,13.509,0.5927,0.0679,8.7376,0.5968
10,8787,8833,1781582194.4778118,1781582199.9978836,5.52,MZ,1,右转,旋转,定深,4000,40%,4000,-0.4851,0.0312,-26.037,34.335,0.2575,0.0,-29.7033,0.2579
11,8842,9227,1781582201.0777798,1781582247.2783952,46.2,TX,1,前进,直航,定深定向,4000,40%,4000,-0.1387,0.357,92.416,100.709,0.5547,0.0733,1.2887,0.5598
12,9286,9387,1781582254.3587096,1781582266.4789534,12.12,TX,1,前进,直航,定深定向,4000,40%,4000,0.469,0.0289,-10.175,151.681,0.6057,0.1004,11.7559,0.614
13,9578,9872,1781582289.3989103,1781582324.6791704,35.28,TX,1,前进,直航,定深定向,4000,40%,4000,-0.7534,0.0644,-150.614,30.043,0.4904,0.0459,1.3924,0.4949
14,9917,9971,1781582330.0793614,1781582336.5594993,6.48,TX,1,前进,直航,定深定向,4000,40%,4000,0.1708,0.245,-149.088,15.88,0.4814,0.0164,-11.6689,0.482
15,10132,10693,1781582355.8791773,1781582423.2010076,67.32,TX,1,前进,直航,定深定向,4000,40%,4000,-0.5937,0.1444,-55.683,15.041,0.501,0.0573,-1.1623,0.5063
16,11074,11407,1781582468.9221797,1781582508.8829088,39.96,TX,1,前进,直航,定深定向,4000,40%,4000,-0.2339,0.4507,-37.524,107.93,0.5909,0.1044,12.8522,0.6003
17,11638,11695,1781582536.6035528,1781582543.453189,6.85,MZ,-1,左转,旋转,定深,4000,40%,-4000,-0.8369,0.0089,26.239,131.924,-0.01,0.0076,27.6883,0.0154
18,11719,11854,1781582546.3237565,1781582562.5244646,16.2,TX,1,前进,直航,定深定向,4000,40%,4000,-0.7063,0.1546,-26.946,39.066,0.5699,0.0606,11.8451,0.5784
19,12332,12569,1781582619.8855212,1781582648.3263743,28.44,TY,-1,左移,侧移,定深,2000,20%,-2000,-0.798,0.0132,-77.163,6.912,-0.0008,-0.0239,-0.5899,0.024
20,12950,13228,1781582694.0637364,1781582727.4102993,33.35,TY,1,右移,侧移,定深,2000,20%,2000,-0.781,0.0316,-69.6,18.588,0.0221,0.1054,-1.9006,0.1078
21,13386,13684,1781582746.3710325,1781582782.1320012,35.76,TY,1,右移,侧移,定深,4000,40%,4000,-0.6764,0.0947,-12.276,28.492,0.0422,0.1701,-3.4634,0.1754
22,14425,14606,1781582871.0554929,1781582892.7733183,21.72,TX,1,前进,直航,定深定向,4000,40%,4000,2.1049,0.1003,-17.74,62.191,0.6042,0.0814,11.6988,0.6097
23,15133,15360,1781582956.019042,1781582983.266102,27.25,TX,1,前进,直航,定深定向,4000,40%,4000,2.4246,0.0712,87.606,56.936,0.5552,0.0887,10.5627,0.5626
24,15649,15724,1781583017.936162,1781583026.936574,9.0,MZ,1,右转,旋转,定深,2000,20%,1672,2.3388,0.0541,-44.149,41.172,0.0368,0.0171,-15.7924,0.0408
25,17765,18002,1781583278.7930825,1781583307.2334585,28.44,TX,-1,后退,直航,定深定向,2000,20%,-2000,2.4737,0.3469,-149.313,1.929,-0.197,-0.0054,-0.4104,0.1973
26,18089,18284,1781583317.6674616,1781583341.0658276,23.4,TX,-1,后退,直航,定深定向,4000,40%,-4000,2.9878,0.2716,-148.278,2.574,-0.3621,0.0016,-0.2353,0.3622
27,18491,18664,1781583365.9032378,1781583386.6611302,20.76,TX,1,前进,直航,定深定向,2000,20%,2000,3.2432,0.0809,-152.597,1.132,0.2474,0.0174,0.142,0.2481
28,18757,18917,1781583397.8260088,1781583417.0276368,19.2,TY,-1,左移,侧移,定深,2000,20%,-2000,3.0095,0.038,-149.519,0.451,0.0058,-0.0453,0.0793,0.0463
29,18993,19164,1781583426.137429,1781583446.6571522,20.52,TY,-1,左移,侧移,定深,4000,40%,-4000,2.9021,0.0402,-149.515,0.36,0.0083,-0.1033,0.0006,0.1037
30,19303,19557,1781583463.3358374,1781583493.8219197,30.49,TX,1,前进,直航,定深定向,6000,60%,6000,2.6273,0.1349,16.136,124.048,0.6021,0.1021,10.6456,0.611
31,20055,20187,1781583554.2910278,1781583570.1304603,15.84,TX,1,前进,直航,定深定向,6000,60%,6000,1.9279,0.0734,-157.772,2.309,0.6812,0.037,0.0975,0.6823
32,20287,20361,1781583582.1299732,1781583591.0191553,8.89,TX,-1,后退,直航,定深定向,6000,60%,-6000,1.3519,0.0258,-148.443,2.725,0.0,0.0,-1.5203,0.0
33,22731,22882,1781583875.4055288,1781583893.522424,18.12,TX,-1,后退,直航,定深定向,6000,60%,-6000,2.5489,0.068,-125.78,4.361,-0.4289,0.0042,-0.2453,0.4295
34,23056,23217,1781583914.4126115,1781583933.7226439,19.31,TY,-1,左移,侧移,定深,6000,60%,-6000,2.6129,0.0731,-126.593,0.741,0.0279,-0.1391,-0.157,0.1422
35,23381,23591,1781583953.4042978,1781583978.6030152,25.2,TY,1,右移,侧移,定深,6000,60%,6000,2.6885,0.136,-125.819,2.343,0.0092,0.1961,-0.1642,0.1969
36,23801,23962,1781584003.8100953,1781584023.1212587,19.31,TX,1,前进,直航,定深定向,8000,80%,8000,2.763,0.1659,-134.796,2.398,0.7701,0.0121,-0.0435,0.7703
37,24156,24351,1781584046.401756,1781584069.813544,23.41,TX,-1,后退,直航,定深定向,8000,80%,-8000,2.5249,0.0329,-124.956,4.73,-0.4824,0.0096,-0.7158,0.4829
38,26421,26782,1781584318.200508,1781584377.9601388,59.76,TX,1,前进,直航,定深定向,8000,80%,8000,-0.4717,0.203,169.272,2.185,0.6345,0.032,0.1215,0.6356
39,31361,31723,1781587804.973967,1781587848.413324,43.44,TX,1,前进,直航,定深定向,6000,60%,6000,0.2641,0.6481,-105.899,34.76,0.6862,0.0162,-4.3579,0.6876
40,31910,31936,1781587870.8526356,1781587873.97514,3.12,TX,1,前进,直航,定深定向,6000,60%,6000,0.6511,0.0366,-50.519,4.679,0.5036,0.02,7.4214,0.504
41,34968,35052,1781588238.987104,1781588249.066907,10.08,TY,-1,左移,侧移,定深,8000,80%,-8000,2.7007,0.0834,-172.955,1.216,0.0167,-0.1612,-0.624,0.1623
42,35192,35215,1781588265.8666973,1781588268.6253986,2.76,TY,-1,左移,侧移,定深,8000,80%,-8000,2.657,0.0109,-172.145,0.452,0.0,-0.08,-0.5808,0.08
43,36277,36424,1781588396.0655494,1781588413.7154055,17.65,TY,-1,左移,侧移,定深,8000,80%,-8000,2.69,0.1006,-173.217,1.239,0.0239,-0.1618,-0.1761,0.1638
44,36608,36788,1781588435.784595,1781588457.384372,21.6,TY,1,右移,侧移,定深,8000,80%,8000,2.7977,0.1693,-171.315,1.239,0.01,0.2259,0.3475,0.2264
45,37720,37865,1781588569.2213957,1781588586.6197982,17.4,TX,1,前进,直航,定深定向,10000,100%,10000,2.7553,0.116,90.772,147.79,0.7171,0.0229,-1.4138,0.7179
46,38493,38677,1781588661.982156,1781588684.0616608,22.08,TX,-1,后退,直航,定深定向,10000,100%,-10000,2.7221,0.068,-172.524,1.049,-0.02,0.0,-0.0251,0.02
47,38742,38823,1781588691.8614502,1781588701.5797703,9.72,TX,-1,后退,直航,定深定向,10000,100%,-10000,2.6971,0.0325,-172.686,0.169,-0.0073,0.0,0.0193,0.0073
48,38832,39085,1781588702.6616144,1781588733.019525,30.36,TX,1,前进,直航,定深定向,10000,100%,10000,2.7532,0.1172,111.764,137.601,0.3676,0.0383,0.2345,0.3852
49,39292,39386,1781588757.8611603,1781588769.13944,11.28,MZ,1,右转,旋转,定深,2000,20%,2177,2.6924,0.0194,-119.564,44.3,-0.0017,0.034,-18.4819,0.0472
50,39812,39848,1781588820.2588608,1781588824.5787294,4.32,MZ,1,右转,旋转,定深,2000,20%,2395,2.7546,0.0119,-34.808,24.009,0.0505,0.0221,-21.8305,0.056
51,41025,41116,1781588965.8203146,1781588976.7401395,10.92,TX,1,前进,直航,定深定向,10000,100%,10000,1.8762,0.0698,-25.988,4.142,0.6876,0.0157,-0.9667,0.6884
52,41295,41424,1781588998.220159,1781589013.6993623,15.48,TX,1,前进,直航,定深定向,10000,100%,10000,1.8813,0.1095,-31.277,9.582,0.7948,-0.0054,-3.3083,0.7953
53,41722,41889,1781589049.459982,1781589069.5020633,20.04,TX,-1,后退,直航,定深定向,10000,100%,-10000,1.7483,0.0403,-16.218,4.655,-0.4686,0.0032,-0.7064,0.469
54,43055,43244,1781589209.417107,1781589232.0972557,22.68,TX,1,前进,直航,定深定向,10000,100%,10000,1.9909,0.2055,-25.732,2.779,0.8492,0.0029,0.2422,0.8492
55,43731,43809,1781589290.5379887,1781589299.9038885,9.37,MZ,1,右转,旋转,定深,4000,40%,3907,1.8632,0.0344,8.663,112.915,0.1405,0.0132,-29.784,0.1412
56,44739,44851,1781589411.5048451,1781589424.9347138,13.43,TY,-1,左移,侧移,定深,10000,100%,-10000,1.8532,0.0866,-38.308,1.074,0.033,-0.1996,0.2723,0.2025
57,45214,45308,1781589468.4947052,1781589479.7740116,11.28,TY,1,右移,侧移,定深,10000,100%,10000,1.902,0.1084,-36.365,1.354,0.0083,0.2852,0.1621,0.2855
58,46441,46495,1781589615.731865,1781589622.2124593,6.48,MZ,1,右转,旋转,定深,4000,40%,3874,-0.824,0.007,59.524,54.167,0.105,0.0168,-29.6957,0.1069
59,47768,47840,1781589774.9725776,1781589783.6103303,8.64,TX,1,前进,直航,定深定向,10000,100%,10000,2.6172,0.031,54.41,26.294,0.8565,0.1105,15.0608,0.8641
60,47880,47953,1781589788.4102423,1781589797.1700938,8.76,MZ,1,右转,旋转,定深,4000,40%,3849,2.5995,0.0664,38.254,101.824,0.1281,0.0073,-28.9181,0.1284
61,48042,48275,1781589807.8514926,1781589835.8097117,27.96,MZ,1,右转,旋转,定深,10000,100%,10000,2.2201,0.0533,15.734,103.821,0.1826,0.0086,-43.0486,0.1831
62,48278,48571,1781589836.171283,1781589871.3277013,35.16,MZ,-1,左转,旋转,定深,10000,100%,-10000,1.2816,0.6628,5.678,108.932,0.001,0.0244,42.1752,0.0248
63,49027,49419,1781589926.0498567,1781589973.0907156,47.04,MZ,1,右转,旋转,定深,6000,60%,6000,3.1132,0.0329,-2.096,108.587,0.1357,0.0099,-31.5909,0.1363
64,50193,50393,1781590065.9662166,1781590089.9676137,24.0,MZ,-1,左转,旋转,定深,6000,60%,-6000,3.005,0.0804,-110.858,47.151,-0.0057,0.0053,1.2837,0.0092
65,50943,51086,1781590155.9647331,1781590173.1265209,17.16,MZ,-1,左转,旋转,定深,2000,20%,-2000,-0.7841,0.0152,-143.17,1.045,-0.0024,0.0,-0.1317,0.0076
